我,观前提示: 本番外由临泉祈愿编写,秋月监督,右
,Day1,无
,对方已上线,中
Miko,喂,左
Miko,在不在,左
,,
我,在,"右,选项,13"
我,？,"右,选项,6"
,,
Miko,你？什么啊，不认识我了？,"左,分支6"
,,
我,不认识,"右,选项,8"
我,miko,"右,选项,11"
,,
Miko,胆子不小啊,"左,分支8"
Miko,想被我踢了？,左
,,
我,qwq,"右,选项,11"
我,没有,"右,选项,11"
,,
Miko,好了好了不闹了,"左,13,分支11"
Miko,我跟你讲,"左,分支13"
Miko,我这次要出国探险了,左
Miko,你猜去哪,左
,,
我,我家,"右,选项,17"
我,不知道,"右,选项,21"
,,
Miko,行啊,"左,分支17"
Miko,你家在哪告诉我,左
Miko,好了不闹了,左
Miko,其实我要,"左,分支21"
Miko,我要去霓虹玩！,左
Miko,而且是我自己一个人去,左
Miko,我刚经得我爸同意,左
,,
我,好耶,"右,选项,29"
我,那如果没同意呢,"右,选项,26"
,,
Miko,没同意我也去啊,"左,分支26"
Miko,差点忘了,"左,分支29"
Miko,除了我还有一个人,左
Miko,你猜是谁,左
,,
我,我,"右,选项,33"
我,小艾姐,"右,选项,38"
,,
Miko,当然有你,"左,分支33"
Miko,到时候我玩的高兴的时候,左
Miko,把你忘了,左
Miko,你可别生气哈,左
,,
我,不生气,"右,选项,38"
我,我哪敢啊,"右,选项,38"
,,
Miko,是小艾姐,"左,分支38"
Miko,啊我的快递来了,左
Miko,等我一下,左
,对方已下线,中
,预计10分钟,"中,0,等待,10"
,对方已上线,中
Miko,E3-01,图鉴
Miko,漂不漂亮！,左
,,
我,这是什么衣服,"右,选项,55"
我,和服吗?,"右,选项,56"
,,
Miko,这是浴衣,"左,分支55"
Miko,就是夏季穿的那个,左
Miko,简易版和服,"左,分支56"
,,
我,那为什么不直接买和服,"右,选项,59"
我,为什么不买和服,"右,选项,59"
,,
Miko,你猜呢,"左,分支59"
Miko,我知道的一件和服,左
Miko,价值十万RMB,左
Miko,你给钱我就买,左
,,
我,"这么贵,镶钻的吗","右,选项,78"
我,把我卖了都不值这钱,"右,选项,64"
,,
Miko,吓着了不是,"左,分支64"
Miko,没记错的话,左
Miko,霓虹人在传统节日都是租和服的,左
Miko,因为没人买得起,左
,,
我,为什么这么贵呀,"右,选项,79"
我,我给你买,"右,选项,69"
,,
Miko,好呀,"左,分支69"
Miko,银行卡号我告诉你,左
Miko,你打钱给我,左
Miko,"十万哦,一块钱都不能少",左
,,
我,好嘞,"右,选项,74"
我,网路诈骗开始了,"右,选项,77"
,,
Miko,好你个鬼哦,"左,分支74"
Miko,不要你买,"左,79"
Miko,你才网络诈骗,"左,79,分支77"
Miko,还真是,"左,分支78"
Miko,其实衣服本身并不贵,"左,分支79"
Miko,但因为传统的和服有很多挂件,左
Miko,这些挂件多由宝石制成,左
Miko,所以就贵了,左
Miko,不说了,左
Miko,我还要准备准备行李,左
Miko,明天的飞机！,左
,,
我,好耶,"右,选项,106"
我,你和小艾姐一个班次？,"右,选项,105"
,,
Miko,对啊,"左,107,分支105"
Miko,我跟小艾姐是一个班次哦,"左,分支106"
Miko,而且靠窗,"左,分支107"
Miko,只不过遗憾的是我和小艾姐没有爱着,左
,,
我,爱过,"右,选项,111"
我,百合贴贴,"右,选项,111"
,,
Miko,......,"左,分支111"
Miko,错别字！,左
Miko,是没有挨着,左
Miko,小艾姐在我后面,左
Miko,本来我们是打算挨着的,左
Miko,只不过没有挨着的票了,左
Miko,"啊,等一下,我有个电话","左,分支121"
,对方已下线,中
,预计5分钟,"中,0,等待,5"
,对方已上线,中
Miko,还在吗,左
,,
我,谁的电话?,"右,选项,128"
我,[对方已下线],"右,选项,127"
,,
Miko,"别闹,我知道你在线","左,分支127"
Miko,是小艾姐打来的,"左,分支128"
Miko,她问我要准备多少日元,左
Miko,我是打算先换十万霓虹币来着,左
Miko,你觉得多还是少,左
,,
我,我刚看了是1:17,"右,选项,134"
我,"我又不是银行,你问我?","右,选项,133"
,,
Miko,也是,"左,分支133"
Miko,我都给忘了,左
Miko,等我去查一下,左
,对方已下线,中
,预计2分钟,"中,0,等待,2"
,对方已上线,中
Miko,回来了,左
Miko,我刚才去查了一下,左
Miko,十万在霓虹不算什么,"左,分支134"
Miko,感觉几天就会花光,左
,,
我,那要多少啊,"右,选项,144"
我,十万还不够?,"右,选项,144"
,,
Miko,是因为霓虹的消费高,"左,分支144"
Miko,要是你来,左
Miko,你比我花的还要多,左
,,
我,"我才没你这么笨,我可是要精打细算才行","右,选项,151"
我,啊对对对,"右,选项,149"
,,
Miko,还不信？,"左,150,分支149"
Miko,你才笨,"左,分支151"
Miko,不想要礼物了？,"左,分支150"
,,
我,礼物？,"右,选项,153"
我,"女儿终于长大了,知道给我买礼物","右,选项,152"
,,
Miko,找死,"左,分支152"
Miko,信不信不给你买了,左
我,不敢了miko大人,右
Miko,是啊,"左,分支153"
我,你要给我买什么,右
Miko,还不知道呢,"左,分支154"
Miko,我本来想给你带一把武士刀,左
Miko,但我查了一下,左
Miko,好像飞机不让带,左
,,
我,开刃吗,"右,选项,158"
我,是属管制刀具当然不行,"右,选项,159"
,,
Miko,"你是笨蛋吗,怎么可能买到开刃的","左,分支158"
Miko,那就不给你买礼物了吧！,"左,分支159"
,,
我,达咩,"右,选项,162"
我,不带这样的啊喂,"右,选项,162"
,,
Miko,当然是开玩笑啦（笑,"左,分支162"
Miko,等我玩够了,左
Miko,再想着给你买礼物,左
Miko,我万一忘了可别怪我哈,左
Miko,先不说了,左
Miko,我收拾收拾行李,左
Miko,一会见,左
,对方已下线,中
,预计30分钟,"中,0,等待,30"
,对方已上线,中
Miko,有个难题困扰着本美少女,左
,,
我,什么难题,"右,选项,174"
我,你在挑衣服吗,"右,选项,173"
,,
Miko,"不是,但也差不多","左,分支173"
Miko,你帮我选一下,"左,分支174"
Miko,我是带薯片,左
Miko,还是巧克力,左
,,
我,薯片,"右,选项,178"
我,巧克力,"右,选项,178"
,,
Miko,这可是你说的,"左,分支178"
Miko,我听你的,左
,,
我,都带着不可以吗,"右,选项,181"
我,不然带另一种吧,"右,选项,183"
,,
Miko,都带着装不下,"左,189,分支181"
Miko,？,"左,分支183"
Miko,那到底带哪一种,左
Miko,耍我呢你,左
,,
我,没有,"右,选项,187"
我,不是,"右,选项,187"
,,
Miko,哼,"左,189,分支187"
Miko,那好,"左,分支189"
Miko,就这样了,左
,,
我,你现在在哪,"右,选项,192"
我,突然想问你现在在哪,"右,选项,192"
,,
Miko,我吗,"左,分支192"
Miko,在家哦,左
Miko,忘了跟你说,左
Miko,我是明天下午的机票,左
Miko,等明天我在飞机上,左
Miko,不能联网,左
Miko,你不会想我吧,左
,,
我,想你干嘛,"右,选项,204"
我,想被你踢？,"右,选项,204"
,,
Miko,又不想要礼物了？,"左,分支204"
Miko,那再见,左
,对方已下线,"中"
,,
我,好啦好啦,"右,选项,209"
我,不要闹了,"右,选项,209"
,,
,对方已上线,"中,分支209"
Miko,你谁呀,左
Miko,说,左
Miko,想不想,左
,,
我,想,"右,选项,213"
我,当然是想咯,"右,选项,213"
,,
Miko,这才对,"左,分支213"
Miko,不说了,左
Miko,我该去睡了,左
,,
我,晚安,"右,选项,217"
我,安安,"右,选项,217"
,,
Miko,你也早点睡咯,"左,分支217"
Miko,晚安,左
,对方已下线,中
,Day2,无
,预计7小时,"中,0,等待,420"
,对方已上线,中
Miko,你起床了吗,左
,,
我,早,"右,选项,226"
我,zzz,"右,选项,224"
,,
Miko,早晚懒死你,"左,226,分支224"
Miko,我起的早不早,"左,分支226"
Miko,下午的飞机,左
,,
我,太早了吧,"右,选项,229"
我,"不是都准备好了吗,起这么早干嘛","右,选项,230"
,,
Miko,早起来准备准备,"左,分支229"
Miko,我要到小艾姐家去,"左,分支230"
Miko,去她家集合,左
Miko,你还记得昨天我跟你讲巧克力吗,左
Miko,我给她带一盒过去,左
Miko,放到家里早晚也是我爸送人,左
Miko,我又没法吃,左
Miko,马上出去了,左
Miko,等会再说,左
Miko,我出发去小艾姐家,左
,对方已下线,中
,预计半小时,"中,0,等待,30"
,对方已上线,中
Miko,你在吗,左
Miko,我到小艾姐家了,左
Miko,巧克力我带着了,左
Miko,啊等会,左
Miko,小艾姐叫我,左
,对方已下线,中
,预计5分钟,"中,0,等待,5"
,对方已上线,中
Miko,巧克力我给了,左
Miko,小艾姐说她挺喜欢吃甜的,左
,,
我,喜欢就行,"右,选项,260"
我,挺好的,"右,选项,260"
,,
Miko,我和小艾姐下了飞机之后,"左,分支260"
Miko,由于我们降落在成田机场,左
112,成田机场,词典
Miko,所以先在东京玩一段时间,左
Miko,然后之后我们会去关西,左
Miko,听说京都的鹿很有名,左
,,
我,"众所周知,京都除了鹿就没有其他了","右,选项,266"
我,鹿？,"右,选项,267"
,,
Miko,赞成,"左,分支266"
Miko,只要我一说京都,"左,分支267"
Miko,基本都跟我说去看鹿,左
Miko,就好像京都只有鹿似的,左
Miko,我也是这样想的,左
Miko,还记得昨天说的钱的问题吗,左
Miko,最后我和小艾姐决定先一个人带二十万,左
Miko,之后再拿着卡从那边取,左
,,
我,银联在那边也能用?,"右,选项,279"
我,你带的什么卡,"右,选项,278"
,,
Miko,就普通的银联啊,"左,281,分支278"
113,银联,词典
Miko,可以,"左,分支279"
Miko,我查了一下,左
Miko,霓虹全家便利店有ATM,"左,分支281"
115,全家,词典
Miko,霓虹的便利店的确是便利哈,左
Miko,先不说了,左
Miko,等会去机场,左
Miko,一会见,左
,对方已下线,中
,预计6小时,"中,0,等待,300"
,对方已上线,中
Miko,我们到机场了,左
Miko,其实我更想坐船过去,左
,,
我,还可以坐船？,"右,选项,294"
我,买船票？,"右,选项,294"
,,
Miko,不知道可不可以,"左,分支294"
Miko,没试过,左
Miko,主要是我想看一下大海,左
Miko,而且船的话,左
Miko,很有那种身临其境,左
Miko,有那种千难万险才到达的感觉,左
Miko,更有成就感,左
,,
我,你不怕晕船吗,"右,选项,301"
我,别晕船就行,"右,选项,301"
,,
Miko,应该不会吧,"左,分支301"
Miko,准备登机了,左
Miko,喂,左
Miko,这次要飞四个多小时,左
Miko,你可别想我哈,左
,,
我,知道了知道了,"右,选项,307"
我,不想不想,"右,选项,307"
,,
Miko,......,"左,分支307"
Miko,找揍,左
,对方已下线,中
,预计10分钟,"中,0,等待,10"
,对方已上线,中
Miko,莫西莫西,左
Miko,你猜我右边坐着的是个什么人,左
,,
我,小艾姐,"右,选项,316"
我,油腻大叔,"右,选项,320"
,,
Miko,不是跟你说小艾姐在我后面吗,"左,分支316"
Miko,怎么记的！,左
,,
我,我故意的,"右,选项,319"
我,就是气你,"右,选项,319"
,,
Miko,你!,"左,分支319"
Miko,你再这样我就不给你带礼物了,左
我,"好,你继续","右,322"
Miko,不对,"左,分支320"
Miko,为什么你会觉得是大叔啊,左
Miko,是一个小女孩,"左,分支322"
Miko,她妈妈在中间排的位置,左
Miko,隔着一个走廊和一个人,左
,,
我,不然你和她妈妈换换？,"右,选项,327"
我,换换位置？,"右,选项,327"
,,
Miko,我还想看风景呢,"左,分支327"
Miko,尤其是飞机准备降落的时候,左
Miko,听说可以看到关东,左
Miko,想想就很不错,左
Miko,等下,左
,对方已下线,中
,预计3分钟,"中,0,等待,3"
,对方已上线,中
Miko,刚才,左
Miko,这个孩子的妈妈让我多照看着,左
Miko,眼力不错,左
Miko,本美少女绝对能照看好,左
,,
我,别一会抢她零食就行,"右,选项,340"
我,记得把好吃的给她吃,"右,选项,343"
,,
Miko,我抢你零食才对,"左,分支340"
Miko,我怎么可能会抢小孩子的零食,"左,343"
Miko,我会把我的零食给她吃的,"左,分支343"
,,
我,好姐姐,"右,选项,345"
我,飞机上可以自带食物？,"右,选项,348"
,,
Miko,是吧,"左,分支345"
Miko,终于听到你夸我一句了,左
,,
我,经常夸的好吧,"右,选项,348"
我,我经常夸的,"右,选项,348"
,,
Miko,我怎么不记得,"左,分支348"
Miko,飞机上带点没味道的小东西可以,左
Miko,我也没带什么,左
Miko,不吃零食就不是Miko了,左
Miko,现在要求关手机,左
Miko,等我下飞机再找你,左
,对方已下线,中
,预计5.8小时,"中,0,等待,348"
,对方已上线,中
Miko,我到成田了,左
Miko,你没睡着吧,左
,,
我,午觉刚醒,"右,选项,363"
我,在的,"右,选项,364"
,,
Miko,这都几点了,"左,分支363"
Miko,你才睡醒,左
Miko,果然是懒猪,左
我,你才是懒猪,右
Miko,礼物?,左
我,我是大懒猪,右
Miko,刚下飞机,"左,分支364"
Miko,我和小艾姐会先去酒店把行李放下,左
Miko,然后去便利店买份便当,左
,,
我,为什么不去外面吃,"右,选项,374"
我,我记得霓虹拉面不错,"右,选项,369"
,,
Miko,"对啊,尤其是豚骨拉面","左,分支369"
114,豚骨拉面,词典
Miko,我老早就想吃了,左
,,
我,一说起吃的...,"右,选项,372"
我,一谈起吃的就兴奋,"右,选项,372"
,,
Miko,哼,"左,分支372"
Miko,"太累了,不想出去","左,分支374"
Miko,我这也是下飞机后各种手续忙完给你发消息的,左
Miko,不说了,左
Miko,我去吃晚饭,左
Miko,一会见,"左,分支378"
,对方已下线,中
,预计1小时,"中,0,等待,60"
,,
我,人呢,"右,选项,380"
我,还没吃完吗,"右,选项,380"
,,
,信息未送达,"中,分支380"
,预计13小时,"中,0,等待,780"
,Day3,无
,对方已上线,中
Miko,喂！,左
,,
我,喂！,"右,选项,08"
我,喂个锤子,"右,选项,05"
,,
Miko,？,"左,分支05"
Miko,胆子肥了是不是,左
Miko,怎么跟我说话呢,左
Miko,睡完一觉就是好,"左,分支08"
Miko,昨晚的便当,左
Miko,分量真的好少,左
Miko,就是一份酱油拉面,左
Miko,我一个女生都不够吃的,左
,,
我,女生。。。,"右,选项,014"
我,在美食面前你可不像个女生,"右,选项,014"
,,
Miko,怎么了？,"左,分支014"
Miko,的确是分量太少,左
,,
我,你这一说我想起披萨了,"右,选项,019"
我,我想起你在便利店讨来的披萨了,"右,选项,017"
,,
Miko,什么讨来的,"左,分支017"
Miko,那是奖励本美少女的,左
Miko,总之这次味道没有这么糟糕了,"左,分支019"
Miko,不过便利店里的东西没有很好吃就对了,左
Miko,我今中午去拉面店吃,左
Miko,一定要吃到最正宗的豚骨拉面,左
,,
我,说的我都馋了,"右,选项,024"
我,我也想吃,"右,选项,025"
,,
Miko,下次来的时候请你吃,"左,026,分支025"
Miko,对吧,"左,分支024"
Miko,不过比起这个,"左,分支026"
Miko,我现在要先处理一下让人讨厌的垃圾分类,左
,等待10分钟,"中,0,等待,10"
,对方已上线,中
Miko,我回来了,左
Miko,在你那边有垃圾分类吗,左
,,
我,有啊,"右,选项,032"
我,没那么严,"右,选项,032"
,,
Miko,这边老严格了,"左,分支032"
Miko,比如周一和周四丢可燃,左
Miko,周三丢资源垃圾,左
Miko,每个月第一和第三星期三丢纸类,左
Miko,第二和第四星期二丢瓶子,左
Miko,然后瓶子又分玻璃瓶和塑料瓶,左
Miko,总之烦死了,左
Miko,这房间本来就小,左
Miko,然后要放两三个垃圾桶,左
,,
我,Miko息怒,"右,选项,043"
我,别气,"右,选项,043"
,,
Miko,还好,"左,分支043"
Miko,处理完这些事情,左
Miko,出去吃午饭,左
Miko,然后下午打算去一下上野公园,左
Miko,里面有一个不忍池,左
Miko,有好多动漫名场面就是那个地方,左
,,
我,中午吃豚骨拉面?,"右,选项,050"
我,豚骨拉面？,"右,选项,050"
,,
Miko,对啊,"左,分支050"
Miko,今早就在酒店随便对付一下,左
Miko,也不是什么酒店的早餐,左
Miko,还是便利店里的东西,左
Miko,就是和味道泡面,左
Miko,咖喱味的,左
Miko,整个和味道里面我最喜欢这个味道,左
Miko,准备出发了,左
Miko,坐电车什么的预计半个多小时,左
,,
我,电车哎,"右,选项,060"
我,会不会有痴汉,"右,选项,062"
,,
Miko,是的,"左,分支060"
,,
我,不知道有没有电车痴汉,"右,选项,062"
我,樱花什么时候开,"右,选项,072"
,,
Miko,？,"左,分支062"
Miko,你都在想些什么呢,左
Miko,就算有,左
Miko,也不敢对我下手,左
,,
我,踢死他,"右,选项,067"
我,美少女不是会踢人吗,"右,选项,067"
,,
Miko,还不至于美少女踢,"左,分支067"
Miko,太暴力了,左
Miko,一拳头他就不敢了,左
,,
我,嗯...真温柔,"右,选项,071"
我,一点都不暴力,"右,选项,071"
,,
Miko,哼,"左,分支071"
Miko,已经到夏天,"左,分支072"
Miko,樱花一般是三月末开,左
Miko,所以这次就别想咯,左
Miko,不过如果能玩到十一月,左
Miko,是可以看红叶的,左
Miko,啊不说了,左
Miko,准备出发了,左
,对方已下线,中
,等待1小时,"中,0,等待,60"
,对方已上线,中
Miko,我在这边又租了一件好看的和服,左
Miko,但怎么都穿不上,左
Miko,之前我买的那件是简易版,左
Miko,这东西实在是太难穿了,左
Miko,我和小艾姐两个人都没办法穿上,左
,,
我,不然请个日本人来,"右,选项,086"
我,去网上查查试试？,"右,选项,096"
,,
Miko,刚到这里还不熟,"左,分支086"
Miko,而且我也没有日本朋友,左
,,
我,是你日语不行吧,"右,选项,089"
我,那就去网上查查怎么穿,"右,选项,096"
,,
Miko,？,"左,分支089"
Miko,うちの日本語能力を信じない?,左
Miko,今の話が分かったら,左
Miko,私は黙る,左
,,
我,欺负人,"右,选项,094"
我,坏Miko,"右,选项,094"
,,
Miko,哼~,"左,分支094"
Miko,让你质疑我的日语能力,左
Miko,那我试着去网上查查,"左,分支096"
Miko,等我一会,左
,对方已下线,中
,等待5分钟,"中,0,等待,5"
,对方已上线,中
Miko,我的穿法没错呀,左
Miko,网上也说这个东西非常难穿,左
,,
我,我来帮你穿,"右,选项,0105"
我,那我来帮你,"右,选项,0105"
,,
Miko,变态啊,"左,分支0105"
Miko,和服里面是什么都不能穿的,左
Miko,嘛,左
Miko,你不知道那就不怪你了,左
Miko,不说了,左
Miko,我先和小艾姐努力把它穿上,左
,对方已下线,中
,等待10分钟,"中,0,等待,10"
,对方已上线,中
Miko,呼`,左
,,
我,穿上了？,"右,选项,0118"
我,放弃了？,"右,选项,0117"
,,
Miko,没有,"左,分支0117"
Miko,我和小艾姐都穿上了,"左,分支0118"
Miko,其实穿过一次再往后就简单了,左
Miko,说实话哎,左
Miko,现在也不是节日什么的,左
Miko,街上穿的人也不多,左
Miko,回头率挺高的,左
,,
我,那不会感觉很奇怪吗,"右,选项,0125"
我,公园里有人穿吗,"右,选项,0128"
,,
Miko,其实还好,"左,分支0125"
Miko,也不是没有人穿吧,左
Miko,一般大街上很少见,左
Miko,公园里或者旅游景点还是有人穿的,"左,分支0128"
E3-02,跟小艾姐在附近逛逛，这里光线不错，就让小艾姐给我拍照，快说好看，哼,动态
Miko,看我动态,左
Miko,怎么样,左
,,
我,衣服很漂亮,"右,选项,0133"
我,好可爱,"右,选项,0136"
,,
Miko,会说话吗你,"左,分支0133"
Miko,应该是本美少女很漂亮,"左,0137"
Miko,很会说话嘛,"左,分支0136"
Miko,去车站了,"左,分支0137"
Miko,一会见,左
,对方已下线,中
,等待30分钟,"中,0,等待,30"
,对方已上线,中
Miko,莫西莫西,左
Miko,我在车站等车,左
Miko,从这里坐山手线到上野,左
115,上野,词典
Miko,二十多分钟,左
Miko,车还有几分钟就到了,左
,,
我,那午饭呢,"右,选项,0148"
我,不吃饭了?,"右,选项,0148"
,,
Miko,对啊,"左,分支0148"
Miko,去上野再吃,左
Miko,笨,左
,,
我,....,"右,选项,0157"
我,Miko不要这样说自己,"右,选项,0152"
,,
Miko,？,"左,分支0152"
Miko,你再说一遍？,左
我,不敢了,右
Miko,下次再犯你试试,左
Miko,车来了,"左,分支0157"
Miko,......,左
,,
我,怎么了,"右,选项,0160"
我,有痴汉！,"右,选项,0169"
,,
Miko,没什么,"左,分支0160"
Miko,没有座位而已,左
Miko,好多人都往这边看,左
Miko,有点尴尬,左
,,
我,都喜欢看可爱的女生,"右,选项,0165"
我,痴汉！,"右,选项,0169"
,,
Miko,越来越会说话了,"左,分支0165"
Miko,电车的好处就是可以看到外面,"左,分支0166"
Miko,穿着和服是真的难受,左
,,
我,车上还有别人穿吗,"右,选项,0173"
我,为什么难受,"右,选项,0174"
,,
Miko,对,"左,分支0169"
Miko,和我在聊天的这个人就是痴汉,左
Miko,小心我踢死你,"左,0166"
Miko,就我和小艾姐,"左,分支0173"
Miko,主要是活动空间少,"左,分支0174"
Miko,身体动起来很别扭,左
Miko,等我到了再跟你聊,左
Miko,回见,左
,对方已下线,中
,等待30分钟,"中,0,等待,30"
,对方已上线,中
Miko,我们到了,左
Miko,现在在一家拉面馆,左
Miko,喂喂？,左
,,
我,盯...,"右,选项,0185"
我,然后呢,"右,选项,0185"
,,
Miko,我发现这边餐厅点餐都自动化了,"左,分支0185"
我,自动化？,右
Miko,对,"左,分支0188"
Miko,简单说就是,左
Miko,在店外有一台机器,左
Miko,直接通过这台机器完成点菜还缴费,左
Miko,只需要把机器给的单子放到桌子上就可以,左
Miko,震惊到我了,左
,,
我,很厉害的样子,"右,选项,0197"
我,我好像见过,"右,选项,0195"
,,
Miko,是吗？,"左,分支0195"
Miko,我是第一次见,左
Miko,而且支付方式也支持移动支付,"左,分支0197"
Miko,真的有很方便,左
,,
我,你是要的豚骨拉面吗,"右,选项,0200"
我,我记得你说要吃豚骨拉面,"右,选项,0200"
,,
Miko,你终于能记住我说的话了,"左,分支0200"
Miko,算了,左
Miko,看在美食的面子上,左
Miko,不跟你生气了,左
Miko,啊我要开动了,左
,对方已下线,中
,等待20分钟,"中,0,等待,20"
,对方已上线,中
Miko,累死了,左
,,
我,吃个面也累？,"右,选项,0214"
我,本来想要你拍图鉴来着,"右,选项,0210"
,,
Miko,你说晚了,"左,分支0210"
Miko,已经吃没了,左
Miko,总不能拍个空碗吧,左
Miko,这边吃面需要发出很大声音,"左,分支0214"
Miko,声音越大代表越好吃,左
Miko,如果静静的吃老板会认为你认为不好吃的,左
Miko,所以一直在发声音,左
,,
我,总觉得好不雅...,"右,选项,0219"
我,不雅观,"右,选项,0219"
,,
Miko,其实我觉得也是,"左,分支0219"
Miko,不过在日本就是这样的,左
Miko,有点不理解的说,左
Miko,我现在从外面出来了,左
Miko,今天穿和服真的是个失败的决定,左
我,为什么这样说,右
Miko,给你看一下今天东京多少度,"左,分支0227"
Miko,33度,左
Miko,热死我了,左
Miko,为什么我没有看到卖冷饮的,左
,,
我,热死你,"右,选项,0231"
我,冰淇淋？,"右,选项,0232"
,,
Miko,把我热死了你高兴是吧,"左,分支0231"
Miko,这附近也没有卖冰淇淋的,"左,分支0232"
Miko,不知道公园里有没有卖的,左
Miko,我走路就先不说了,左
,对方已下线,中
,等待5分钟,"中,0,等待,5"
,对方已上线,中
Miko,我们到公园了,左
Miko,我现在在不忍池,左
Miko,你猜是什么把我吸引来的,左
,,
我,冰淇淋吧,"右,选项,0242"
我,我猜是冷饮,"右,选项,0242"
,,
Miko,是一台冰淇淋自动贩卖机,"左,分支0242"
Miko,没有想到冰淇淋也有自动贩卖机,左
Miko,我一次买了两个,左
Miko,真想一口气全吃掉,左
Miko,热死了,左
Miko,和我想的一样,左
Miko,公园里有穿和服的,左
Miko,也不知道他们怎么撑下来的,左
Miko,不过看上去全是本国人,左
Miko,我现在坐在池水旁边椅子上,左
,,
我,小艾姐呢,"右,选项,0253"
我,我记得动漫上是可以坐船的,"右,选项,0255"
,,
Miko,我和小艾姐分开了,"左,分支0253"
Miko,等到傍晚手机联系,左
Miko,船的话我也不想自己坐,"左,分支0255"
,,
我,我陪你啊,"右,选项,0257"
我,不是有我陪着吗,"右,选项,0257"
,,
Miko,hhh,"左,分支0257"
Miko,但你也并非真正在我身边呀,左
Miko,坐在这里看着湖里的船,左
Miko,总是让我想起小时候,左
Miko,不知道为什么,左
Miko,一个人带着总喜欢回忆以前的事情,左
,,
我,人就是这样,"右,选项,0264"
我,我和你一样,"右,选项,0265"
,,
Miko,是吗？,"左,0266,分支0264"
Miko,是啊,"左,分支0265"
Miko,休息好了,"左,分支0266"
Miko,我该继续逛逛了,左
Miko,早知道不吃午饭了,左
Miko,这里全都是小吃,左
Miko,什么玉子烧啊,左
117,玉子烧,词典
Miko,关东煮,左
118,关东煮,词典
Miko,还有烤肉,左
Miko,烤串,左
Miko,而且这边还有一些特色美食,左
,,
我,又开始了,"右,选项,0277"
我,我饿了,"右,选项,0276"
,,
Miko,故意馋你的,"左,分支0276"
Miko,如果不说美食我就不是Miko了,"左,分支0277"
Miko,我现在去一下上野公园的主要区域,左
121,上野公园,词典
Miko,就是公园部分,左
,,
我,你现在不就是在公园吗,"右,选项,0281"
我,还没到公园？,"右,选项,0281"
,,
Miko,不是,"左,分支0281"
Miko,我现在的确是在公园,左
Miko,只不过这个公园分为两部分,左
Miko,这个公园有好多樱树,左
Miko,只不过现在时间不对,左
Miko,真的好想看樱花,左
Miko,你知道五重塔吗,左
120,五重塔,词典
我,不知道,右
Miko,五重塔在上野动物园里,"左,分支0290"
Miko,只不过现在没开门,左
Miko,不然我就去看看了,左
Miko,当时学日语的时候有这篇课文,左
Miko,小艾姐来了,左
Miko,我问问她有什么事,左
,对方已下线,中
,等待5分钟,"中,0,等待,5"
,对方已上线,中
Miko,好耶,左
,,
我,好耶，Miko掉湖里了,"右,选项,0301"
我,怎么了,"右,选项,0304"
,,
Miko,不是,"左,分支0301"
Miko,是我把你扔湖里了,左
Miko,哼,左
Miko,小艾姐让我和她一起坐船,"左,分支0304"
Miko,等我到船上再跟你聊,左
,对方已下线,中
,等待10分钟,"中,0,等待,10"
,对方已上线,中
Miko,湖中真的好凉快啊,左
Miko,不过我们失策了,左
Miko,穿着和服没法划船,左
Miko,于是就让一个小姐姐划了,左
Miko,这边的船没什么特殊的,左
Miko,除了造型以外,左
,,
我,有什么特殊之处吗,"右,选项,0318"
我,我从动漫上看到有一些动物形状的船,"右,选项,0316"
,,
Miko,对,"左,分支0316"
Miko,原来你这么了解吗,左
Miko,这边共有三种船,"左,分支0318"
Miko,一种没有顶棚的,左
Miko,一种有顶棚的,左
Miko,还有一种就是动漫里头是鹅的那种,左
Miko,我和小艾姐选的就是第三种啦,左
,,
我,小心手机掉下去,"右,选项,0328"
我,把手机扔下去,"右,选项,0324"
,,
Miko,嗯,"左,分支0324"
Miko,这样就不需要和你聊天了,左
Miko,少了一件烦心事,左
,,
我,没有没有,"右,选项,0331"
我,我开玩笑的,"右,选项,0331"
,,
Miko,不会的,"左,分支0328"
Miko,除非我手抖,左
Miko,湖上人挺多的,"左,分支0331"
Miko,而且不忍池是野生动物自然保护区,左
Miko,所以像鸽子这种飞的动物非常多,左
Miko,水里也有很多鸭子,左
Miko,以及鱼,左
Miko,亲眼看看才知道到底有多美,左
Miko,怪不得动漫喜欢拿这里取景,左
Miko,一次半个小时,左
Miko,我要开始欣赏美景啊,左
,,
我,于是就把我丢掉不管了？,"右,选项,0345"
我,知道了，景色比我重要,"右,选项,0341"
,,
Miko,对啊,"左,分支0341"
Miko,你哪有景色重要,左
我,....,"右,0348"
,,
Miko,你想被我扔湖里？,"左,分支0345"
Miko,也不是不可以啊,左
Miko,等我上岸再联系你,"左,分支0348"
,对方已下线,中
,等待20分钟,"中,0,等待,20"
,对方已上线,中
Miko,我和小艾姐分开了,左
Miko,现在是下午三点,左
Miko,我还没去公园內部看看呢,左
Miko,这里面有一个神社,左
Miko,是叫花园神社,左
119,神社,词典
Miko,我进去看看,左
Miko,是个小神社,左
Miko,不过还是可以参拜的,左
,对方已下线,中
,等待2分钟,"中,0,等待,2"
,对方已上线,中
Miko,参拜完毕,左
,,
我,我记的可以写绘马来着,"右,选项,0365"
我,不写个绘马吗,"右,选项,0365"
,,
Miko,这个神社太小,"左,分支0365"
Miko,没法写绘马,左
122,绘马,词典
Miko,等我去一个大神社再写,左
,,
我,是不是要用日语写,"右,选项,0369"
我,用汉语写可以吗,"右,选项,0369"
,,
Miko,什么语言都可以的,"左,分支0369"
Miko,但一般是用日语写,左
Miko,哎？,左
Miko,原来这边还有一条路,左
Miko,我刚才是从另一边绕过来的,左
Miko,我继续逛逛别处,左
,对方已下线,中
,等待10分钟,"中,0,等待,10"
,对方已上线,中
Miko,这个广场挺大的,左
Miko,中间有个喷水池,左
Miko,前面是东京国立博物馆,左
122,东京国立博物馆,"词典"
,,
我,进去看看,"右,选项,0382"
我,要门票吗,"右,选项,0382"
,,
Miko,要门票的,"左,分支0382"
Miko,主要是我不感兴趣,左
Miko,然后这个喷泉左边是一片树林,左
Miko,我进去看看,左
我,Miko进小树林了,右
Miko,？？？,"左,分支0389"
Miko,踢死你,左
Miko,我去那边看看,左
,对方已下线,中
,等待10分钟,"中,0,等待,10"
,对方已上线,中
Miko,这边有一个东京旧音乐学院,左
123,东京旧音乐学院,词典
Miko,但是没法进,左
Miko,也不知道为什么,左
Miko,时间差不多了,左
Miko,准备回去了,左
,,
我,我还没玩够呢,"右,选项,0401"
我,你玩累了？,"右,选项,0407"
,,
Miko,我也没啊,"左,分支0401"
Miko,但必须回去了,左
Miko,相比于公园,左
Miko,晚饭更吸引我,左
Miko,嘿嘿,"左,0409"
Miko,没有累,"左,分支0407"
Miko,小艾姐叫我回去,"左,分支0409"
Miko,我们一起去吃晚饭,左
,,
我,Miko快乐时间,"右,选项,0412"
我,大吃货Miko的吃货时间,"右,选项,0412"
,,
Miko,是的,"左,分支0412"
Miko,今晚我们去一个叫寿司茶屋的店吃饭,左
我,吃寿司？,右
Miko,是的,"左,分支0416"
Miko,馋了？,左
Miko,馋了你也吃不到,左
Miko,走了走了,左
,对方已下线,中
,等待20分钟,"中,0,等待,20"
,对方已上线,中
Miko,回转寿司！,左
125,回转寿司,词典
Miko,我的最爱,左
Miko,耶！,左
,,
我,孤独的Miko,"右,选项,0415"
我,孤独的美食家之Miko,"右,选项,0415"
,,
Miko,你也看这个电视剧啊,"左,分支0415"
Miko,我超爱的,左
Miko,开吃了开吃了,左
Miko,吃完回去就可以休息了,左
E3-03,"寿司真好吃,可惜你吃不到,下次来我请你吃吧",动态
Miko,明天去哪玩呢？,左
Miko,好期待,左
,W1-06,图鉴
,未完待续,中
